,Alpha_Three_Factor,Sector,alpha
A,0.00226974384982,xlv,0.0038846296726
AA,0.00333197795166,xli,0.00530992617138
AAL,0.00120661707288,xli,0.0037369669664
AAP,-0.0020346608019,xly,0.00572182535979
AAPL,0.00236025655823,xlk,0.00246086238042
ABBV,0.00224737522839,xlv,0.00157277713111
ABC,0.000788692393977,xlv,0.00241980336006
ABMD,0.00208112470829,xlv,0.00563499220636
ABT,0.0014065155418,xlv,0.00297542682176
ACAD,0.00212466991827,xlv,0.00205629868096
ACC,-9.67321932583e-05,xly,-0.00215654576314
ACGL,0.000786810822865,xlf,-0.00069376122174
ACHC,0.00154805845295,xlv,-0.000321771307037
ACM,0.00110514647727,xly,0.00444919863188
ACN,0.000763489989319,xlk,0.00290752557263
ADBE,0.00257633627282,xlk,0.00394922524872
ADI,0.00159832244538,xlk,0.0035715386005
ADM,0.000330139141183,xlp,-0.000885354820777
ADNT,0.0025981667835,xlp,0.00302618086788
ADP,0.000974391747402,xlk,0.00104202181107
ADS,0.00125126812774,xlk,0.00222211403303
ADSK,0.00355560997819,xlk,0.00159457540826
AEE,0.00112202496198,xlu,-0.000981593789311
AEP,0.000920087174241,xlu,-0.00130307109113
AES,-0.000251077728848,xlu,-0.00151182624896
AET,0.00193272074424,xlv,0.00569074415187
AFG,0.00147208841405,xlf,-0.00104235765158
AFL,0.000819339048514,xlf,0.000320238714597
AGCO,0.00132858853854,xlp,0.00212220885161
AGIO,0.000623457792709,xlv,0.000119826295818
AGN,0.000314228927306,xlv,-0.000396167492424
AGNC,0.00115243934072,xly,-0.00263533852243
AGO,0.00059565620573,xlf,-0.000918739718297
AGR,0.00170539372221,xlu,0.00221862285116
AHL,-0.000182267134769,xlf,0.000539772269226
AIG,0.000170504801074,xlf,-0.00128508180577
AIV,0.000521297137121,xlre,0.000168996805165
AIZ,0.0010865146679,xlf,0.00185987567616
AJG,0.00114987727107,xlf,0.00120488786041
AKAM,-0.000576069731825,xlk,0.00567686363762
AKRX,0.00240106400069,xlv,-0.00174337269548
AL,0.00141150088815,xlk,0.00221741908753
ALB,0.00313212055086,xlb,0.000648867941352
ALGN,0.00327841890614,xlv,0.0111051060948
ALK,0.000434465650416,xli,0.0038377238595
ALKS,0.000129478156327,xlv,0.000731493350978
ALL,0.00156090920153,xlf,0.000875855404879
ALLE,0.00093170241828,xli,-0.0024257838728
ALLY,0.00211465876353,xlf,0.00595727114392
ALNY,0.00538316729804,xlv,0.0030092962789
ALSN,0.00234773464155,xlp,0.00386665132904
ALXN,0.000763805168655,xlv,-0.00112520160059
AMAT,0.00344428126669,xlk,0.00407566802276
AMCX,-0.000679225682529,xly,-0.00145393581889
AMD,0.002577897147,xlk,-0.0014258973603
AME,0.00193185760531,xli,0.00315933667076
AMG,0.00148332569467,xlf,0.00273616628261
AMGN,0.00100034366797,xlv,-0.000879348951033
AMH,0.000788109033054,xly,-0.00128041523539
AMP,0.00204064164814,xlf,0.00285966667996
AMT,0.0016543491684,xlre,-0.000913488523227
AMTD,0.00117347140944,xlf,0.00211299402644
AMZN,0.00203241256427,xly,0.00756103273845
AN,0.00134926313642,xly,0.00237413298742
ANAT,0.000242196373702,xlf,0.00258504560147
ANDV,0.00141704727352,xle,0.00386050191665
ANET,0.00389041273835,xlk,0.00805086172944
ANSS,0.00262908125079,xlk,0.00317787731984
ANTM,0.00210223544109,xlv,0.00543557115894
AON,0.00130447846941,xlf,-0.00290664165275
AOS,0.00155524363225,xli,0.00235297349081
APA,-0.000706528745764,xle,0.00226654811619
APC,-0.000262789476795,xle,0.00392254185323
APD,0.00107807555163,xlb,0.00299914888834
APH,0.00145983830971,xlk,0.00187872711977
APLE,0.00125391833911,xly,0.000112527425037
AR,0.000429737201705,xle,0.0037851188003
ARE,0.00118823445377,xlre,0.00123456703034
ARMK,0.00110420754819,xly,0.00171320693206
ARNC,0.00188998749301,xli,0.00260195623747
ARRS,0.000187982837538,xlk,0.00126240598659
ARW,0.00124149048073,xlp,0.00325105090661
ASB,0.000751255765884,xlf,0.00138097876116
ASH,0.00154046876643,xly,0.00695518845591
ATH,0.000355757909518,xlf,0.00188510612246
ATHN,0.00188767044614,xly,0.00355585908934
ATO,0.00101119541627,xlu,-0.000142571721973
ATR,0.00123626553172,xlp,0.000714059154077
ATVI,0.00314434117168,xlk,0.00363414187986
AVB,0.000664238807166,xlre,-0.000261249605117
AVGO,0.00265886012077,xlk,0.0065319372245
AVT,0.000316852526319,xlp,0.00168093918796
AVY,0.00255605067879,xlb,0.00539893585941
AWI,0.00141556450352,xlp,0.00653524211372
AWK,0.000691052081228,xlu,-0.00188289521252
AXP,0.0016963135242,xlf,0.0033929735888
AXS,9.52029181383e-05,xlf,-0.00212241027361
AXTA,0.00208880443205,xli,0.00773014666733
AYI,-0.000688757879847,xli,0.0102778563455
AZO,-0.00102977265369,xly,0.00576789116949
BA,0.00227727300856,xli,0.00181486569204
BAC,0.00188861753842,xlf,0.00427184179736
BAH,0.000869709713688,xly,0.00104215549797
BAX,0.00135725131947,xlv,0.00344652729245
BBBY,-0.0033302774951,xly,0.00508597759855
BBT,0.000613400059105,xlf,0.00282905310531
BBY,0.00134207493474,xly,0.0036687276773
BC,0.00117405297724,xle,0.00116960128407
BCR,0.00210800845022,xlv,
BDN,0.00115922217125,xly,0.000721843191478
BDX,0.00111922233767,xlv,0.00135960793192
BEN,0.00106189122009,xlf,-0.000492986968242
BERY,0.00137790841292,xlp,0.00218062219569
BF-A,0.00109473070815,xlp,0.00246758060104
BF-B,0.00122374837293,xlp,0.00280094605286
BFAM,0.000792984628471,xly,0.0028904728598
BG,0.000424839549415,xlp,0.00144056473341
BGCP,0.00230526862021,xlf,0.00226718411231
BHF,-0.00128506218986,xlf,
BHGE,2.41182841156e-05,xle,-0.000528798306867
BIIB,0.000219028331778,xlv,0.00307614797217
BIO,0.00146229063955,xlp,0.00226420536105
BIVV,0.00126714637094,xlv,-0.00305322282753
BK,0.000701661017919,xlf,0.00112224650206
BKD,0.000123833002333,xlv,0.00333283618775
BKI,5.73915817793,xlk,
BKU,0.000289201559796,xlf,0.00535935257071
BLK,0.00162798425746,xlf,0.00259305089956
BLL,0.000749692590601,xlb,-0.000189731211995
BMRN,0.000269255957244,xlv,0.00301566756036
BMS,0.000687731876087,xly,0.000807129928317
BMY,0.00040143089296,xlv,-0.00125205217415
BOH,0.000230078917774,xlf,0.00157976404362
BOKF,0.000512120921819,xlf,0.00232247475031
BPOP,-0.000741108410462,xlf,0.00683387773602
BR,0.00178197360141,xly,0.00266369031576
BRCD,0.000154882703229,xlk,
BRK-B,0.000720041076313,xly,0.000777766006935
BRKR,0.00223505970188,xlp,0.00873002121795
BRO,0.00105044371918,xlf,0.00188993110329
BRX,-1.15315295133e-05,xly,0.000107954109772
BSX,0.00166612831202,xlv,-0.00347933305313
BUFF,0.00154104803793,xlp,0.00775603683994
BURL,0.00168620370795,xly,0.00995307063696
BWA,0.00244005125742,xly,0.00352000720768
BWXT,0.00207756403173,xle,0.00121576742418
BXP,0.000425174591792,xlre,-0.000395313701323
C,0.00179913072915,xlf,0.00156304719682
CA,0.000848115760046,xlk,0.000916151195746
CAA,0.00224312822868,xlp,0.00799397303704
CABO,0.00108938759319,xly,8.02813180421e-05
CACC,0.0022581754577,xlf,0.00491747513155
CAG,0.000148986823936,xlp,0.00303817648978
CAH,-0.000125778215618,xlv,-0.00364531010254
CASY,-0.000225886527141,xly,0.00475357811033
CAT,0.0018536881925,xli,0.00372731959954
CAVM,0.00190729244493,xlk,0.00726011392277
CB,0.000984208541433,xlf,-0.00153611057014
CBG,0.00184760313287,xlre,0.00230008958333
CBOE,0.00233959271928,xlf,0.00233731200181
CBS,-5.28431761885e-05,xly,-0.000553321004167
CBSH,0.000230277982169,xlf,0.0016934939497
CBT,0.00140805286775,xli,0.00388830990385
CC,0.00545548417878,xli,0.00443623452173
CCI,0.00196680896135,xlre,-0.000430739469588
CCK,0.00095479430454,xly,2.65831168084e-05
CCL,0.00159485250283,xly,0.00149134947259
CDEV,0.00190378620046,xle,0.00324252483646
CDK,0.000571179498759,xly,0.00496861100147
CDNS,0.00282601117326,xlk,0.00153833108212
CDW,0.00143195563274,xly,0.00408205697806
CE,0.0019543565556,xli,0.00121749633199
CELG,-0.000441638777568,xlv,-0.00575348779692
CERN,0.00140694346927,xlv,-0.00314610099669
CF,0.00194044983217,xlb,0.00719708207289
CFG,0.00160471943829,xlf,0.00445752659023
CFR,0.00110973534611,xlf,0.00283569080853
CFX,0.00130327439882,xlp,0.00213635561761
CGNX,0.00355112167932,xlp,0.00452139912108
CHD,0.000274995785869,xli,-0.000364269029269
CHH,0.00139120568485,xly,0.0026678201149
CHK,0.000413549604567,xle,0.00406003928348
CHRW,0.00126509860104,xli,0.00286920394796
CHTR,0.00072498262651,xly,-0.00152656894152
CI,0.00220844457946,xlv,0.00552586608312
CIM,0.00124486701791,xly,-0.000977707828055
CINF,0.000151340059505,xlf,-0.00203818255023
CIT,0.00132855500983,xlf,0.00345001188197
CL,0.000480372719202,xlp,-0.00172533551692
CLGX,0.00169380667874,xlk,-0.00196225286555
CLH,0.000859065340123,xli,-0.0024535396531
CLNS,0.000625667008546,xly,-0.00437936921955
CLR,0.000935349897132,xle,0.00807630975564
CLX,0.000604047688842,xly,-0.000178605108958
CMA,0.00171094974306,xlf,0.00421513739256
CMCSA,0.000287057338809,xly,-0.000201597190472
CME,0.00129248438706,xlf,0.00102187242541
CMG,-0.00133304870715,xly,-0.00334688961201
CMI,0.00172889419606,xle,0.00156590967647
CMS,0.000851209210538,xlu,-0.00143782761352
CNA,0.00177542536534,xlf,0.00110666684005
CNC,0.00316334365423,xlv,0.00438739618399
CNDT,5.38537025789e-05,xly,-0.000352387426048
CNK,-0.000785998457276,xly,0.000682413027681
CNP,0.00126173402643,xlu,-0.0010767581
CNX,0.000652436257959,xle,0.00411912483166
COF,0.00101644323972,xlf,0.00491954876329
COG,0.00238794085167,xle,0.00584280085542
COH,9.78145203071e-05,xly,
COHR,0.00409821359979,xlp,0.0039989339719
COL,0.00171003792086,xli,0.000570866774904
COMM,0.000647203594706,xlk,0.00441626069073
CONE,0.00277750617598,xly,-0.00143985678035
COO,0.00174452308773,xlv,0.00208977873198
COP,0.0013636698582,xle,0.00147840178793
COR,0.00287143286969,xly,-0.0021046071687
COST,0.000385860381591,xly,0.00358471317526
COTY,-0.000471745901325,xlp,0.0017349746646
CPA,0.00172518243623,xli,0.00626094463822
CPB,8.40449217978e-05,xlp,0.000806446749079
CPN,0.00149881089325,xlu,0.000271892993757
CPRT,0.00142016294328,xly,0.00275902740668
CPT,0.000955199605762,xly,-0.000652080506151
CR,0.00132170735648,xlp,0.00277646899317
CRI,0.000584127294593,xlp,0.00698754964434
CRL,0.00239635794745,xlv,0.00213359474351
CRM,0.00170683331093,xlk,0.00334864302777
CSCO,0.00026482754931,xlk,0.00624948880448
CSGP,0.00190945786437,xly,0.00432609553529
CSL,0.000125700435903,xli,0.00429412731147
CSRA,0.000529430206555,xlk,0.000889644066554
CSX,0.00310617112126,xli,-0.00025050982423
CTAS,0.00170283267752,xli,0.00144531699647
CTL,-0.000709916217336,xlk,-0.000205971133851
CTSH,0.00159648332299,xlk,-0.000413401135919
CTXS,0.00164781551443,xlk,0.00262791025685
CUBE,0.00065548817334,xly,0.000477355523999
CVS,-0.000221737289628,xlv,0.000185153857103
CVX,0.000565006540929,xle,-0.000370784232505
CXO,0.00120400075198,xle,0.00396187759368
CXP,0.000700210799251,xly,0.00168056527627
CXW,0.00131973825573,xly,-0.00260002634183
CY,0.00270924418608,xlk,0.0045806977659
D,0.000510430474889,xlu,-0.00172341874925
DAL,0.00138223493633,xli,0.00409517830695
DATA,0.00285281347763,xlk,-0.000108510259616
DCI,0.00115287098931,xlp,0.00356990033587
DCT,0.0017852388482,xly,0.000174927047747
DDR,-0.00151614831625,xly,0.000378495670955
DE,0.00177474625007,xli,0.00527409963654
DEI,0.00124426263793,xly,0.000770278685547
DFS,0.000482641282239,xlf,0.00455318997696
DG,0.000443334489732,xly,0.00481077120916
DGX,0.000743826015388,xlv,0.00156403923782
DHI,0.00257269804562,xly,0.00516741234448
DHR,0.000901964761021,xlv,0.00163084368969
DIS,-0.00011467711336,xly,0.00125091541728
DISCA,-0.0017188247336,xly,0.00314303539007
DISCK,-0.00185503495939,xly,0.00315289361455
DISH,-6.20366387531e-05,xly,-0.000901752533071
DKS,-0.00289873030638,xly,0.0068261081361
DLB,0.000996633145033,xly,0.00237405871035
DLPH,0.00259665540967,xly,-0.0146610251069
DLR,0.00204337879806,xlre,-0.00275426891254
DLTR,0.000908669021523,xly,0.00573231639915
DNB,0.000382843415508,xlf,0.00211446954213
DNKN,0.000591321808049,xly,0.00353871027916
DOV,0.00201703949674,xlk,0.00355075829472
DOX,0.000612907346234,xlk,0.00265640138294
DPS,0.000490687043924,xlp,0.000710689929275
DPZ,0.000539818221375,xlp,0.000668208227559
DRE,0.00166992036567,xlre,-0.000841266790317
DRI,0.000740917502507,xly,0.00530586859127
DST,0.00124523428849,xlk,0.00105416402463
DTE,0.000825014507998,xlu,-0.0017621367486
DUK,0.000687621711731,xlu,-0.00222941024435
DVA,0.000343993748705,xlv,0.00649560484848
DVMT,0.00236198837965,xlk,0.00385003715069
DVN,0.000634821605745,xle,0.0046401741872
DWDP,0.00170120597167,xlb,0.00264028239056
DXC,0.00296046149896,xlk,0.00302439033995
DXCM,-0.000201841060147,xlv,0.00308467152506
EA,0.00185181533429,xlk,0.00227507446029
EBAY,0.000871553742816,xlk,0.00165480155103
ECL,0.000407537018921,xlb,0.000916747524323
ED,0.000903682533257,xlu,-0.001754681237
EEFT,0.00119429388538,xlf,0.00131994798365
EFX,0.000218278763973,xlf,0.00366638585693
EGN,0.00099381878898,xle,0.00227465326215
EIX,0.000619760280039,xlu,-0.00187753119074
EL,0.00215169461596,xlp,0.00221604886188
ELS,0.00144707493008,xly,0.000522932617275
EMN,0.00165640964337,xlb,0.00382993439437
EMR,0.00118857084474,xle,0.00336955627742
ENDP,-0.00255156028186,xlv,0.00603827261353
ENR,0.000825735567831,xly,0.00249426062136
EOG,0.000348020071132,xle,0.0037419902442
EPC,-0.000986288461963,xlp,-0.000861487488329
EPR,0.000699768767762,xly,-0.00242855557276
EQC,0.000554288869824,xly,0.000453455787054
EQIX,0.00221985697572,xlre,-0.00203467241154
EQR,0.000855960358863,xlre,-0.0010355930077
EQT,0.00102747311128,xle,-0.0019783856501
ERIE,0.00063871960161,xlf,0.00124171379122
ES,0.000890769609866,xlu,-0.000958257973671
ESRT,0.000457926730316,xly,-0.00110310372489
ESRX,0.000221896927596,xlv,0.0049474678462
ESS,0.000650620961459,xlre,-0.000213796936495
ETFC,0.00132704604135,xlf,0.00321922081563
ETN,0.00141106899866,xlk,0.00227548522066
ETR,0.00103308482294,xlu,-0.000129179681613
EV,0.00131416002018,xlf,0.00304634345662
EVHC,-0.00220205593915,xlv,0.00432026005306
EW,0.00019440608373,xlv,0.00145441171573
EWBC,0.00195411404511,xlf,0.00222514028784
EXC,0.00115115349571,xlu,-0.000770283958392
EXEL,0.0023111628992,xlv,0.00815757372087
EXP,0.00153729857875,xlp,0.00471230519442
EXPD,0.000892251341814,xli,0.000624513471193
EXPE,0.000892386337877,xly,-0.00663699516026
EXR,0.000827952323168,xlre,0.00128621389078
F,0.000671872745742,xly,0.00287145765775
FAF,0.00187761277659,xlf,0.00394877431761
FANG,0.000982898148062,xle,0.00672604716361
FAST,0.000733010315272,xli,0.00184258224602
FB,0.00199342996317,xlk,0.00310007315192
FBHS,0.00162633242585,xli,0.00223155817594
FCE-A,0.00187081720894,xlre,-0.000988556183253
FCX,0.00103288065723,xlb,0.00536833834725
FDC,0.00143225487748,xly,0.000344231038628
FDS,0.000651065387191,xlk,0.00103911774433
FDX,0.00131913939022,xli,0.00424702682973
FE,9.37167967363e-05,xlu,-0.00015515593652
FEYE,0.00170505795932,xlk,0.0033135820521
FFIV,-0.000175016531716,xlk,0.00395356242495
FHB,0.000753422753395,xlf,0.00185720691021
FHN,0.000619007898368,xlf,0.00180771966355
FII,0.000975409677791,xlf,0.00447514045378
FIS,0.0010242781849,xlk,0.000484956159487
FISV,0.00101826640714,xlk,0.000883557034452
FITB,0.00126708073142,xlf,0.00255206629837
FL,-0.0039436433394,xly,0.0145796655294
FLIR,0.000983860443091,xlk,0.0017804738355
FLO,0.000848448616202,xlp,0.00195175193291
FLR,0.000136335646254,xli,0.00530034624124
FLS,0.00063944214215,xli,0.00338750817285
FLT,0.000818976228956,xly,0.00222575414765
FMC,0.00305170948014,xlb,0.00184033442668
FNB,0.000718224415149,xlf,0.00247520243521
FND,0.0023068377451,xly,
FNF,0.00242481130017,xlf,0.00444557639782
FOX,0.000381580993177,xly,0.00508031434295
FOXA,0.000479641521811,xly,0.00481608058346
FRC,0.00115733339778,xlf,-0.000449105113867
FRT,9.88851645421e-05,xlre,-0.00109873654599
FSLR,0.00282313052556,xlk,0.0143614655319
FTNT,0.00177481807957,xlk,0.00292185700667
FTV,0.00171894831583,xli,0.00222314675501
FWONA,0.00166970785728,xly,0.000948605523809
FWONK,0.00191309015963,xly,0.000980387074278
G,0.00113440628954,xly,0.00239895437886
GD,0.000885115753867,xli,-0.000340744550127
GDDY,0.00160241180312,xlk,0.00483107004157
GDI,0.00364944444403,xlk,0.0100137696879
GE,-0.0016147504407,xle,-0.00586583717144
GGG,0.00230080372692,xlp,0.00367921077579
GGP,-1.45174043986e-05,xlre,-0.00397834089945
GHC,0.00108176264474,xly,0.00302306274135
GILD,-9.32063747318e-06,xlv,-0.000876592139371
GIS,-0.000202698066215,xlp,0.00186358109098
GLPI,0.0015692224479,xly,0.000189561960225
GLW,0.00146708100255,xlk,0.00470028497471
GM,0.00110676221034,xly,0.00240803018494
GME,-0.000816872702891,xly,-0.00274604654387
GNTX,0.00075378535292,xlp,0.00361069911136
GOOG,0.00149647258366,xlk,0.00390147485567
GOOGL,0.00147197110366,xlk,0.00368153183246
GPC,0.000474076457838,xly,0.0021907118491
GPK,0.00133579448544,xly,0.00247598250666
GPN,0.0019930944053,xlk,0.00411086424686
GPOR,-0.000145029436768,xle,0.00232910416636
GPS,0.000184567504898,xly,0.00725978505069
GRA,0.00121411057767,xli,0.0034270590343
GRMN,0.00109735402121,xly,0.00357937224083
GS,0.000933829420475,xlf,0.00141686380768
GT,9.02547120136e-05,xly,-0.000394667859433
GWR,0.0010580274581,xli,0.00301262990047
GWRE,0.00187475461792,xlk,0.00266789030767
GWW,-0.000275444400964,xli,0.00168179231363
GXP,0.000971354756066,xlu,0.000464480451929
H,0.00145825731418,xly,0.00132843752674
HAIN,0.000907580086457,xlp,0.00492618110144
HAL,-3.66202134167e-05,xle,0.00147715408335
HAS,0.000980301990998,xly,-0.000657109664396
HBAN,0.00122652428597,xlf,0.00220932555674
HBI,-0.000674018193742,xly,0.00014718224793
HCA,0.00111407679418,xlv,0.000616987082928
HCN,0.00106534828617,xlre,-0.00153754487291
HCP,0.000380104461914,xlre,-0.00113292135001
HD,0.0011448965824,xly,0.00443177193705
HDS,7.85308591492e-05,xly,0.00256342984067
HE,0.000935928547689,xlu,0.000449328980194
HEI,0.00217454325072,xlp,0.00160298600135
HEI-A,0.00192646315489,xlb,0.00130938244
HES,0.000326675079723,xle,0.00125355110117
HFC,0.00311181870849,xle,0.00665183009145
HGV,0.00302479589207,xly,0.000604249833869
HHC,0.000398872939118,xly,0.00392706320277
HIG,0.000781253236138,xlf,0.0010318854811
HII,0.00139640505222,xlp,-0.000458305550225
HIW,0.000800031932431,xly,-0.000651222400334
HLF,0.00216195251378,xlv,0.00168865084796
HLT,0.00245678911546,xly,0.00344299682351
HOG,-0.000225898421016,xly,0.000371288260532
HOLX,0.000307672271492,xlv,0.00414216507229
HON,0.00119820806368,xli,0.00189940769204
HP,0.000671331666801,xle,0.00449947497568
HPE,0.000793558018078,xlk,0.00578823409711
HPP,0.000867343580523,xlf,-0.00050559477232
HPQ,0.00180101870447,xlk,0.00347902224309
HPT,0.000896684011283,xly,-0.000122269273441
HRB,0.00135315876429,xly,0.0025916714422
HRC,0.00208830327224,xlv,0.00401908388161
HRL,0.000487359389914,xlp,0.00238324575744
HRS,0.00144018501705,xlk,0.00222130661116
HSIC,0.000175244873011,xlv,-0.00207873976822
HST,0.00181493826928,xlre,-0.000695648571418
HSY,0.000735212503995,xlp,-0.00133316821567
HTA,0.00101079694708,xly,-0.000378403986184
HUBB,0.00113969007597,xlp,0.00410283338588
HUM,0.00101908567275,xlv,0.00366435940441
HUN,0.00354448097135,xli,0.00855965976262
HXL,0.00131617454241,xli,-0.000132341691896
IAC,0.00375014732606,xly,0.00391731022476
IBKR,0.00172868350322,xlf,0.00459824823391
IBM,-4.64075591485e-05,xlk,0.000551033400829
ICE,0.00165243572795,xlf,0.000513541082387
ICPT,-0.00104066388615,xlv,0.000445867240967
IDXX,0.00209697297483,xlv,0.00533804028433
IEX,0.00198758350342,xlp,0.00281260218431
IFF,0.00150917916585,xlb,0.00150478892275
IGT,-0.000433558313457,xly,0.00399831335715
ILMN,0.00233888213447,xlv,0.004935921905
INCY,0.00125821706848,xlv,-0.000718939040439
INFO,0.00100246876702,xlk,0.00112069662026
INGR,0.000443789762575,xlp,0.00278132578959
INT,0.00026220107208,xle,-0.00591251948256
INTC,0.00122615768711,xlk,0.0060122345894
INTU,0.00080009494689,xlk,0.00314016273042
INVH,0.69857733501,xlf,
IONS,0.00080237184985,xlv,-0.00367198110076
IP,0.00121009510749,xlb,0.00355304301497
IPG,-0.000443569580194,xlk,-0.000528757286984
IPGP,0.00392306867864,xlk,0.00725177203941
IR,0.000900424597961,xli,0.00101074299446
IRM,0.00201246968989,xlre,-0.00100932437096
ISRG,0.0030343981661,xlv,0.00200326191274
IT,0.0010991652046,xlk,0.00271288116054
ITT,0.00130368066586,xlp,0.00155074745853
ITW,0.00127546463434,xlk,0.00257432944029
IVZ,0.00138316987217,xlf,0.00176544102895
JBGS,0.00184397880946,xly,0.000431867031135
JBHT,0.00119923840452,xli,0.00370507895201
JBL,0.00182482600584,xlk,0.00261106867847
JBLU,0.000590918079579,xli,0.00393236182164
JCI,0.000507558317168,xli,0.00090287806955
JEC,0.00116257288542,xli,0.0045518640284
JKHY,0.00131400146418,xlk,0.00174001100338
JLL,0.00186454125012,xlf,0.00374619406314
JNJ,0.000434999868486,xlv,-0.000693113814996
JNPR,-0.000136663374434,xlk,0.00436585791322
JPM,0.00148896564807,xlf,0.00355643160392
JUNO,0.00482429801374,xlv,0.000943987392248
JW-A,0.000378878396681,xlp,0.00604233620801
JWN,-0.00155477495246,xly,0.0058436397067
K,-0.000305905145892,xlp,0.00155111027375
KAR,0.00138332804502,xly,0.000761996019008
KEX,0.00151742224578,xly,0.00456001926475
KEY,0.00122659774432,xlf,0.00297375680119
KEYS,0.00123176748818,xlp,0.00141651037302
KHC,9.31625034812e-05,xlp,-0.00143729828999
KIM,-0.000578793290792,xlre,-0.0029556645233
KLAC,0.00205118055955,xlk,0.00210015949851
KMB,-4.61112807241e-05,xly,-0.000419983636203
KMI,0.000141968797387,xle,0.00129502811706
KMX,0.00210898501519,xly,-0.000796764691519
KO,0.00063677599728,xlp,-0.00232144986591
KORS,0.000583447138132,xly,0.00397303918247
KOS,0.00340267231201,xle,0.00237570809215
KR,-0.00211094923343,xly,0.0046667619632
KRC,0.000663457004119,xly,0.000601706374627
KSS,-0.000512097718817,xly,0.00701425815077
KSU,0.00168078910043,xli,0.000838179079357
L,0.000454103282814,xlf,0.000366299299175
LAMR,0.00155580654015,xly,-0.00227150115754
LAZ,0.00223040948995,xlf,0.00377301093784
LB,-0.000873503263159,xly,0.00711819394038
LBRDA,0.000822778658049,xly,-0.00244505276475
LBRDK,0.000742969799561,xly,-0.00258876680044
LDOS,0.00156937579886,xlk,0.00110153173446
LEA,0.00219452481724,xlp,0.00410265770707
LECO,0.00106765061621,xlk,0.00113582159995
LEG,0.000461783941167,xly,0.00205789797752
LEN,0.00185499028007,xli,0.00428239458046
LEN-B,0.00193133394149,xli,0.0048101654964
LEXEA,0.00082968235938,xly,
LGF-A,0.00128697951581,xly,0.000547780598252
LGF-B,0.00117019790505,xly,-0.000797567812697
LH,0.00120560511946,xlv,0.0026660590395
LII,0.00116943722003,xlp,0.00514101478929
LKQ,0.000628407093916,xly,0.00487711511612
LLL,0.000584127055748,xlk,0.00262225368614
LLY,0.000837172067483,xlv,-0.000588799015558
LM,0.00205169005453,xlf,0.00338641343271
LMT,0.00115516616648,xli,0.00042278556659
LNC,0.00138237379203,xlf,0.00170238589791
LNG,0.00233147203452,xlu,0.00329563000825
LNT,0.0010617438393,xlu,-0.000935049287015
LOGM,0.00143678054026,xlk,0.00322271654523
LOW,0.00118020001112,xly,0.00529429600613
LPI,0.000103243519045,xle,0.00370357524772
LPLA,0.00176038088303,xlf,-0.000337062675171
LPNT,-0.000390242808368,xlv,-0.00346923179754
LPT,0.0011393567296,xly,0.000320382273326
LRCX,0.00389856609973,xlk,0.0034084943239
LSI,0.000449078095905,xly,-0.000460975754515
LSTR,0.00146411938502,xli,0.00308478117761
LSXMA,0.00092962583957,xly,-0.00341644457433
LSXMK,0.00119292189512,xly,-0.00324500501636
LUK,0.00121982412074,xlf,0.0019163682703
LULU,0.000465692080371,xlp,0.0077637376918
LUV,0.00104431889575,xli,0.00308964077282
LVNTA,0.00161206913071,xly,-0.000417481411626
LVS,0.00154611323971,xly,0.000547523279636
LW,0.0023697214304,xlp,0.00293718108441
LYB,0.00189121406438,xlb,0.00349431816718
LYV,0.00218314417922,xly,0.000887327183968
M,-0.00266907382849,xly,0.00511456754167
MA,0.00216220519514,xlk,0.00355913098594
MAA,0.000681429669949,xlre,-0.00205183493387
MAC,-0.000180252661888,xlre,-0.00223536332268
MAN,0.00253743998439,xlk,0.00379557800634
MANH,-0.000362453002055,xlk,0.00183598395719
MAR,0.00248486132297,xly,0.00517381409818
MAS,0.00149743649115,xli,0.0037051511934
MAT,-0.00270530869049,xly,-0.00124054033194
MCD,0.00168675852542,xly,0.000955378488176
MCHP,0.00199398230728,xlk,0.00395897042172
MCK,0.000682312466973,xlv,-0.00115506852929
MCO,0.00189775850038,xlf,0.00203873920575
MCY,0.00029224629837,xlf,-0.00194923864477
MD,-0.000628148935652,xlv,0.00740858736753
MDLZ,0.000563884215616,xlp,0.000256169011284
MDT,0.000268777950911,xlv,0.00323388871508
MDU,0.000211633423105,xli,0.00171255681025
MET,0.000939290222297,xlf,-0.000587290363776
MFA,0.00120519913338,xly,-0.00124084145821
MGM,0.000991510484396,xly,0.00243819170194
MHK,0.00158186421072,xly,0.00219658421801
MIC,0.000595224222195,xle,0.000217171140415
MIDD,0.000186848085322,xlk,0.0055465346529
MIK,0.000115324576437,xly,0.00699759972913
MKC,0.00114408485218,xlp,0.00149980055581
MKL,0.000844670529107,xlf,0.001466600724
MKTX,-1.46542604673e-05,xlf,0.00266160169641
MLM,0.0011476027615,xlb,0.00474719062799
MMC,0.000924212431342,xlf,-0.00131944031815
MMM,0.00117097348171,xlv,0.00328928253393
MNK,-0.00347541475193,xlv,0.0125516633803
MNST,0.0017576978409,xlp,0.00100633746089
MO,0.000352842756666,xlp,0.00109869258506
MON,0.000909079724186,xlb,-0.000274225215556
MORN,0.00094089553172,xlf,0.00348966443396
MOS,7.34319124377e-05,xlb,0.00591125338509
MPC,0.00188586141513,xle,0.00387406281837
MPW,0.00137434404907,xly,0.000561227871964
MRK,-0.000301807088,xlv,-0.00324361541047
MRO,0.00073036323628,xle,0.00341478950119
MRVL,0.00194565375464,xlk,0.00668420420836
MS,0.00105566410051,xlf,0.00245699608637
MSCC,0.000398610981982,xlk,0.00356377234259
MSCI,0.00270438583532,xly,0.000356975889428
MSFT,0.00155730181333,xlk,0.00507320762671
MSG,0.0010027161822,xly,0.000715785087826
MSI,0.0010620189161,xlk,0.0026820129259
MSM,0.000330357890011,xlp,0.00594825496807
MTB,0.00145426323698,xlf,0.00266541432516
MTCH,0.0021760181623,xlk,0.00553104148723
MTD,0.00239031211734,xlv,0.00209306968303
MTN,0.00216410819873,xly,-0.000524004723529
MU,0.00455324978335,xlk,0.00803755010306
MUR,0.000848409937097,xle,0.00294636748759
MUSA,0.00102991559249,xly,0.00616273119884
MXIM,0.00179702346505,xlk,0.00276984744113
MYL,-0.000146917056254,xlv,0.0023648351795
NATI,0.00250982384698,xlk,0.00243221378366
NAVI,0.000879709951328,xlf,0.00488102287223
NBIX,0.00287484370125,xlv,0.00503364940474
NBL,-0.000554295785859,xle,0.00361754720294
NBR,-0.000830233038887,xle,-0.00377816106031
NCLH,0.00147820913994,xly,0.00178302806463
NCR,-1.90300954119e-05,xly,0.00119684588007
NDAQ,0.000923240240465,xlf,0.00136414197786
NDSN,0.000438450151426,xlp,0.00264781734946
NEE,0.00134476509074,xlu,6.49866884256e-05
NEM,0.00142430085646,xlb,-0.000444216628328
NEU,5.72071985254e-05,xli,-0.000584001844608
NFG,0.000678097724846,xlu,0.00143717778
NFLX,0.00175049341454,xly,0.00395076259405
NFX,0.000255036664723,xle,0.00462032785753
NI,0.00127606435661,xlu,-0.00117751151899
NKE,0.000321707934006,xly,0.00464011084513
NLSN,-6.74581134818e-05,xli,-0.00393572408654
NLY,0.00150598766768,xly,-0.002296353545
NNN,0.000392970347321,xly,-0.00154746551967
NOC,0.00123687021744,xli,0.0015803701935
NOV,0.000566945293849,xle,0.00141734398183
NOW,0.00257653958252,xlk,0.00451889673769
NRG,0.00478735799751,xlu,0.00432636345912
NRZ,0.00133334922082,xly,0.00153181722646
NSC,0.00198445268241,xli,0.00377756427705
NTAP,0.00123356973971,xlk,0.0105589903021
NTRS,0.00195528815212,xlf,0.00195664859439
NUAN,0.000565944994142,xlk,0.0015659583396
NUE,0.000489998564551,xlb,0.00549104866822
NUS,0.00156591963218,xlv,0.00504534117342
NVDA,0.00305949799186,xlk,0.00486781672379
NVR,0.00357590111211,xlp,0.00291239539077
NWL,-0.000850423090513,xly,0.00261414665751
NWS,0.000798494312066,xly,0.00440532476072
NWSA,0.000784321362183,xly,0.00411232296741
NXPI,0.000652078637857,xlk,0.000526987706944
NYCB,-0.000179042236699,xlf,0.00223047086403
O,0.000312248301577,xlre,-0.00128817732446
OA,0.00215201754204,xlp,-0.000361625454169
OC,0.00266852238908,xlp,0.00562608803955
ODFL,0.00184344396646,xli,0.00780815711539
OFC,0.000956942074348,xly,-0.00211529444273
OGE,0.00082823543152,xlu,-0.00120230677422
OHI,0.00132676064156,xly,-0.00350853887816
OI,0.00209064590095,xly,6.49682089497e-05
OII,-0.000833079523776,xle,-0.00686631182236
OKE,0.00150913285331,xle,0.000294215859991
OLED,0.00405353172789,xlp,0.00528735509054
OLN,0.00342202814112,xli,0.00450616011405
OMC,-0.000912692866311,xlk,-0.000385182315586
OMF,0.0014578852026,xlf,0.00895820952257
ON,0.00242930601214,xlk,0.00712572561708
OPK,-0.00171770363426,xlv,-0.00180137297547
ORCL,0.00158307200196,xlk,0.000793229748118
ORI,0.000896198991373,xlf,0.00237703650652
ORLY,-0.000667439805299,xly,0.00523294970917
OSK,0.00178030009565,xlp,0.00361616079622
OUT,0.000881623782453,xly,0.000196393569768
OXY,0.00042846764699,xle,0.00206906904625
OZRK,0.000917330603029,xlf,0.00425462275176
P,-0.00125399527026,xly,0.0028608764914
PACW,7.0843039626e-05,xlf,0.00411985850889
PAG,0.00101560157496,xly,0.00228075851854
PAH,0.00201363546131,xli,0.00196991361846
PANW,0.000941870053771,xlk,0.00187086922863
PAYX,0.000493717661741,xlk,0.00249221335115
PB,0.000738214700467,xlf,0.00335173568525
PBCT,0.000588301591004,xlf,0.00169413673345
PBF,0.00237064693116,xle,0.00644148357181
PBI,-0.000112812370141,xly,0.00194945203546
PCAR,0.00152361967037,xli,0.00251686809878
PCG,-0.000168583417217,xlu,-0.00384134471814
PCLN,0.000737201299462,xly,0.00309943409838
PDCO,-0.000282808517085,xlv,0.00222560461237
PDM,0.000683914586592,xly,-0.00143517928944
PE,0.000380702275976,xle,0.00605487039715
PEG,0.000761363665448,xlu,0.000482125633001
PEP,0.000511921335471,xlp,0.000580203063699
PF,0.000855846992812,xlp,0.00120552231725
PFE,0.000313339601131,xlv,0.00109557296249
PFG,0.00139181952199,xlf,0.000938156315097
PG,0.000312900337786,xli,-0.00119553165053
PGR,0.00168508291587,xlf,0.00176659109646
PGRE,0.000405610114543,xly,-0.000574127681008
PH,0.00163328369914,xli,0.00279407572112
PHM,0.00259144373987,xly,0.00641152466435
PII,0.00156387512028,xlp,0.00677732285389
PINC,0.000686682968594,xly,1.54107072369e-05
PK,0.00119507334339,xly,0.00062892084965
PKG,0.00216123165026,xlb,0.00307744901296
PKI,0.00169842528881,xlv,0.00434517168913
PLD,0.00198414004886,xlre,0.000307484628264
PM,0.00114287526848,xlp,-0.00284106566077
PNC,0.00126471302394,xlf,0.00199055389151
PNFP,0.000793002341503,xlf,0.000980702430525
PNR,0.00178917276074,xlk,0.00115093696387
PNW,0.000734189099647,xlu,-0.00130622111267
POOL,0.00134211993925,xly,0.00321845158618
POST,0.000921206719168,xlp,0.000758298179252
PPC,0.00242130864095,xlp,-0.000203391197357
PPG,0.00160146071352,xlb,0.00187205087155
PPL,0.000679393707586,xlu,-0.00523507435885
PRA,0.000949014416393,xlf,-0.00351348253409
PRGO,-0.000146159562456,xlv,0.00300136532384
PRU,0.000845468989434,xlf,0.00135893890404
PSA,0.000520344760615,xlre,-0.00185452623199
PSX,0.00106268331058,xle,0.00314488510909
PTC,0.00243033481657,xlk,0.00399423711589
PTEN,0.000578044624429,xle,0.00699360741716
PVH,0.00122785593959,xly,0.00617060726299
PWR,0.00152337889954,xli,0.00485647971118
PX,0.00135610815949,xlb,0.00373766851457
PXD,1.45052718139e-05,xle,0.00455429079834
PYPL,0.00252399078714,xlk,0.00451065710638
Q,0.00197688725866,xlv,
QCOM,0.000614663239685,xlk,0.00357450213082
QEP,-0.000880823510867,xle,0.0059687775658
QGEN,0.000943225503113,xlv,0.00382942701262
QRVO,0.00208453950046,xlk,0.00215123223147
QVCA,0.000417735250311,xly,0.00312711737698
R,0.00147983594618,xly,0.0040473602716
RAD,-0.00648524595463,xlv,0.0103280970682
RBC,0.00117263347586,xly,0.00346348897358
RCL,0.00162251378886,xly,0.000587360202167
RE,0.000648892510699,xlf,0.000815855697991
REG,0.00017496853946,xlre,-0.000721921711376
REGN,0.000465017334644,xlv,-0.00266683553691
RES,0.00190610996291,xle,0.00398278910423
RF,0.00159726270096,xlf,0.00404237206418
RGA,0.00138862337262,xlf,0.00318329485652
RGC,-0.00143509105219,xly,0.00705276396316
RGLD,0.00205940080887,xli,-0.00147144876434
RHI,0.00152321033242,xlk,0.00476086298342
RHT,0.00272670387731,xlk,0.00194629729855
RICE,0.0028677449903,xle,
RIG,0.0010405597052,xle,-0.00143396779011
RJF,0.00134528628087,xlf,0.00151181898645
RL,-0.000788484360009,xly,0.00572105757363
RLGY,0.00126960334757,xlf,-0.000590624402767
RMD,0.00208222917568,xlv,0.00671769112776
RNR,0.000737048014368,xlf,-0.000232451370948
ROK,0.00226033832544,xli,0.00334738173445
ROL,0.00181194033225,xlf,-0.00138118703048
ROP,0.00170766768516,xli,0.00230515315932
ROST,0.000211274382631,xly,0.0073618262396
RPAI,-8.53882431633e-05,xly,-0.00123750048112
RPM,0.000674714188548,xli,0.00371546366806
RRC,-0.000651569347316,xle,-0.000682718989686
RS,0.000518642739282,xli,0.00457498301832
RSG,0.000922267815082,xlu,0.00130662919763
RSPP,0.0003546593986,xle,0.00364530238882
RTN,0.00136728401055,xli,-0.000977066658152
RYN,0.00130691950772,xly,0.00287575800158
S,-1.35619521645e-05,xlu,0.000222133105267
SABR,-0.000518288077203,xlk,0.00397431120869
SATS,0.000893212636808,xlk,0.00364148107139
SAVE,-4.21371870108e-05,xli,0.00989156866012
SBAC,0.0022964659197,xlre,9.6581661844e-05
SBH,-0.00208563149069,xly,0.00520749806162
SBNY,0.000309881318662,xlf,0.00437031115418
SBUX,0.000406437074397,xly,4.42154000487e-05
SC,0.00150886357805,xlf,0.00701272592164
SCCO,0.00168591923266,xli,0.00184846431991
SCG,-0.00217773668324,xlu,-0.00207362982781
SCHW,0.00118419741495,xlf,0.00328429013508
SCI,0.00176883636048,xly,0.00422098662357
SEB,0.000849083303445,xlf,0.00134427365516
SEE,0.000391446924938,xlb,0.00230542179265
SEIC,0.0019751387908,xlf,0.00441856352283
SERV,0.001639160563,xly,0.0020212550141
SFM,-0.000219637144331,xly,0.0030959926788
SGEN,0.000350402865072,xlv,0.00304547176804
SHW,0.00204888954714,xlb,0.00295638736798
SIG,7.34862830111e-05,xly,-0.00120206825927
SIRI,0.000986859694519,xly,-0.00321305596398
SIVB,0.00273784517471,xlf,0.00939921030249
SIX,0.00166025326842,xly,0.00122369170087
SJM,-0.000828056985338,xlp,0.00531682352555
SKT,-0.00148172007909,xly,-0.00155981067591
SKX,0.00256447358811,xlp,0.00779271492228
SLB,-0.000324820373104,xle,0.0015791748559
SLG,0.0004614642698,xlre,-0.00071281197005
SLGN,0.00107315457254,xly,0.00213500961462
SLM,0.0024349413292,xlf,0.00401839507167
SM,7.72891375664e-05,xle,0.00482847283684
SMG,0.00107657689446,xli,0.00173344756641
SNA,-9.64093104165e-06,xli,0.00365930210153
SNH,0.00140800010452,xly,-0.000334993912268
SNI,-0.00015590728554,xly,0.00181450807521
SNPS,0.00146399083665,xlk,0.00241350781184
SNV,0.00166732288913,xlf,0.00238567371921
SO,0.000163300430972,xlu,-0.00293230598953
SON,0.000353560752758,xly,0.000902947517295
SPB,-0.000924911239368,xly,0.00619842736413
SPG,-0.000285508054928,xlre,-0.00235920995502
SPGI,0.0013800454902,xlf,0.00265775265243
SPLK,0.00161174218417,xlk,0.0106348619442
SPR,0.00146909593597,xlp,0.00162313383021
SQ,0.00562628777365,xlk,0.0095579292985
SRC,3.98342529174e-05,xly,-0.000269264231525
SRCL,-0.000607494873406,xli,0.000522049169072
SRE,0.00111420658729,xlu,-0.00130124514547
SSNC,0.00143563421433,xlk,-0.000610594038839
ST,0.00190736604507,xlp,0.00268397940387
STAY,0.0015869100431,xly,0.001714472772
STE,0.00163628134873,xlv,0.000534403448748
STI,0.00119271425979,xlf,0.00345727888364
STLD,0.001263737603,xli,0.00614314785655
STOR,0.00132704887857,xly,-0.000646014131783
STT,0.00143204428978,xlf,-0.000484544967877
STWD,0.000767525393516,xly,-0.00152427535919
STZ,0.00162770983879,xlp,0.00129967898991
SUI,0.00114308407326,xly,-4.54752793036e-05
SWK,0.00144721174683,xli,0.00162164564881
SWKS,0.00239426560131,xlk,0.00400725062082
SWN,-0.000449200953535,xle,0.00352007658386
SYF,0.00105900117476,xlf,0.00528393313952
SYK,0.001583603079,xlv,0.00421442243918
SYMC,0.00145323320713,xlk,0.0034570648951
SYY,0.000124052706858,xlp,0.00388753373337
T,-0.000256398125066,xlk,0.0018739336612
TAHO,0.000411916156487,xli,0.00648452129451
TAP,-0.000371062466753,xlp,-0.00231907090423
TCF,0.00135486809493,xlf,0.00534481042263
TCO,-0.00134606533462,xly,0.0019384959963
TDC,0.00168775258052,xlk,0.00365748356204
TDG,0.000760438889657,xli,0.00180676578115
TDS,0.000561962979927,xlu,0.00498052338751
TDY,0.00202766320314,xlp,0.00247601070394
TEAM,0.00288904529343,xlk,0.00438555100144
TECH,0.0010352106809,xlv,0.00541708354808
TER,0.00253220099493,xlp,0.00682962914488
TEX,0.00307113105999,xlp,0.00439768948811
TFSL,-0.000185657864111,xlf,-3.51720310024e-05
TFX,0.00256971430523,xlv,0.00307586027872
TGNA,-0.000112216884556,xly,0.00310571037778
TGT,-0.00123386198708,xly,9.50536710206e-05
THG,0.00124658372972,xlf,0.00114895455081
THO,0.00245888902528,xlp,0.00957102806849
THS,-0.000141996439246,xlp,0.00574225379157
TIF,0.00176111585999,xly,0.00338411978291
TJX,-0.000158289006866,xly,0.00191274787229
TKR,0.00119164825148,xlp,0.0022844202788
TMK,0.00107347158116,xlf,0.00179853105703
TMO,0.00138401243069,xlv,0.00279017272273
TMUS,0.000885072361153,xlu,0.0050836176698
TOL,0.00245271188343,xlp,0.00468990400743
TPX,0.0010712475564,xly,0.00572028005151
TRCO,0.00164237986427,xly,0.000826351105164
TRGP,0.0011787780423,xlu,0.00199530725454
TRIP,5.53879943754e-05,xlk,0.00574348978783
TRMB,0.00225700588163,xlp,0.00441862820316
TRN,0.00163141212954,xlp,0.00197355888483
TROW,0.00184680782153,xlf,0.0013502937271
TRU,0.00283998732386,xlf,0.00435317791195
TRV,0.00073780224941,xlf,-0.00146701611035
TSCO,-0.000408771564473,xly,0.00734132260715
TSLA,0.00243730958489,xlp,-0.00159071377371
TSN,0.00120655489252,xlp,0.00217712501785
TSRO,0.000134856518869,xlv,-0.00874490067511
TSS,0.00159613082197,xlk,0.00451560756429
TTC,0.00136326387378,xlp,0.0023704502034
TTWO,0.0038330462891,xlk,0.00436187493657
TUP,0.000757306869965,xlp,0.00127613106863
TWO,0.00123611377674,xly,0.000578753025554
TWTR,0.00129587140603,xlk,0.0135276693796
TWX,0.000694039166173,xly,-0.000351904314003
TXN,0.00159568836308,xlk,0.00482775933566
TXT,0.00120202605828,xli,0.0024523077087
TYL,0.00119595721089,xlk,0.00321840310449
UA,-0.00374887643559,xly,0.00215567322575
UAA,-0.00429301162062,xly,0.0016018897329
UAL,0.00137761385491,xli,0.00634484430449
UDR,0.000600108352241,xlre,-8.9812200474e-05
UFS,0.00161814811044,xli,0.0058121236055
UGI,0.000823359200167,xlu,0.000182929543324
UHAL,0.00148903240646,xly,0.00132622125184
UHS,0.000255975270269,xlv,0.00145035297604
ULTA,-0.000624523598447,xly,0.00616713089108
ULTI,0.000829413226457,xlk,0.00388595745495
UNH,0.00122209352055,xlv,0.0042358377658
UNIT,-0.00127779914422,xly,0.0027088990628
UNM,0.00141036400644,xlf,0.00194060747982
UNP,0.00140792513013,xli,0.00418985576237
UNVR,0.00127274093506,xly,-9.93789944907e-05
UPS,0.000331465397559,xli,0.00274777582121
URBN,-0.000674401416517,xly,0.0136672210487
URI,0.00232474109454,xlk,0.00732379530564
USB,0.000709022650473,xlf,0.00190504639387
USFD,0.000385747485933,xlp,0.0057223426929
USG,0.00170038817392,xlp,0.00530723958301
USM,-7.67943424958e-05,xlu,0.00493673376007
UTHR,0.000233370719041,xlv,0.0063175621108
UTX,0.000737322669857,xli,0.00112017098019
V,0.00188834073214,xlk,0.00272807380139
VAR,0.00149124249235,xlv,0.000748148289273
VC,0.00276994534144,xlp,0.00396763890308
VEEV,0.00291500575417,xlk,0.00127820320426
VER,0.000619443791159,xly,-0.00106576318926
VFC,0.00120932054711,xly,0.0045441833844
VIA,-0.00111611774239,xly,0.00180991291112
VIAB,-0.000822257227357,xly,0.00366416198011
VLO,0.00189649548306,xle,0.00529088797007
VMC,0.000921112927524,xlb,0.00346338543314
VMI,0.000843317273212,xlp,0.00187930265431
VMW,0.00208828916341,xlk,0.00581762994682
VNO,-7.17212706907e-05,xlre,0.000742009654001
VNTV,0.00140532733697,xly,
VOYA,0.000558471049701,xlf,0.00299305793359
VR,0.000588120323413,xlf,-0.00132183944955
VRSK,0.000628853766171,xlk,0.00221946492741
VRSN,0.00181895061698,xlk,0.00204685963518
VRTX,0.0017307145922,xlv,0.000556257497763
VSM,0.0019518066981,xli,0.00403336698248
VST,0.625993033378,xlu,0.00358485508962
VTR,0.00104370432442,xlre,-0.00141244799895
VVC,0.00182716194059,xlu,-1.71579920596e-05
VVV,0.00102134012645,xli,0.00310860703247
VWR,0.00119450938941,xly,
VZ,-6.20182168349e-05,xlk,0.00388337757006
W,0.00331287942721,xly,0.012014984755
WAB,0.000226367804286,xlp,0.00377626344372
WAL,0.00138951484988,xlf,0.00364700353579
WAT,0.00174015644771,xlv,0.00411643724165
WBA,-0.00100661844196,xlv,0.00130645260807
WBC,0.00205289715456,xlp,0.00215117993614
WBS,0.000978057189074,xlf,0.00294642233059
WBT,0.00155777016228,xlk,0.00479301684364
WCC,0.000563648681176,xlp,0.00489287334473
WCG,0.0024414299477,xlv,0.00672150378273
WDAY,0.00262291151596,xlk,0.00369609709613
WDC,0.00277233332184,xlk,0.0023334366927
WEC,0.000688330695083,xlu,-1.41420547122e-05
WEN,0.00112390850803,xly,0.000729601149999
WEX,0.00159664889476,xly,0.0027698596348
WFC,0.000913091902414,xlf,0.0038078978901
WFT,0.000497508448933,xle,-0.0105009094924
WHR,0.000537725513949,xly,-0.000749226498229
WLK,0.00353308028204,xli,0.00389217465011
WLL,0.00103732912973,xle,0.00934477701446
WLTW,0.00142023438144,xlf,-0.00176079600077
WM,0.000656760165637,xlu,0.00382104385529
WMB,0.00111411491618,xle,0.000651719556702
WMT,0.000893090931236,xly,0.00472643017682
WPC,0.00142840236037,xly,-0.000213238435853
WPX,0.00155609670804,xle,0.0063436371538
WR,-0.00012714964725,xlu,0.000501545699396
WRB,0.000781846620566,xlf,7.32974801238e-05
WRI,3.57733525107e-05,xly,-0.00197709841847
WRK,0.00170805714344,xlb,0.00355429703134
WSM,3.0320780961e-05,xly,0.00118542449246
WSO,0.00111992708345,xly,0.00197142516791
WST,0.00135299527149,xli,0.00271700617348
WTM,0.000302147153796,xlf,6.54715368975e-05
WTR,0.000701435327056,xlu,0.000407876275307
WU,0.000239604907143,xlk,-0.00148611049467
WY,0.00143621212199,xlre,0.000768412350293
WYN,0.00194986736076,xly,0.00364274556361
WYNN,0.00277669524679,xly,0.00317924026921
X,0.00244532762341,xli,0.00726964544242
XEC,0.000594561944494,xle,0.00182532244305
XEL,0.0009825355277,xlu,-0.00143362695913
XL,0.000658754176751,xlf,-0.00249237992714
XLNX,0.00180661316339,xlk,0.00128111994938
XOG,0.00063341910198,xle,0.00369083772005
XOM,0.00010124071214,xle,0.00074541779686
XON,-0.00153081075364,xlv,0.00118109149666
XPO,0.00345629438941,xly,0.0107897550184
XRAY,0.000592354282868,xlv,0.00413131434222
XRX,0.00185642977437,xlk,-0.00125772336796
XYL,0.00151800144517,xli,0.00273140252525
Y,8.32690688381e-05,xlf,0.00174413530485
YUM,0.00141760689309,xly,-0.000704231011389
YUMC,0.0022314436137,xly,0.000934502301157
Z,0.000987684128175,xly,0.00485750880558
ZAYO,-3.29205877577e-06,xlu,0.00170224449405
ZBH,0.0012431888786,xlv,0.00417717565236
ZBRA,0.00230898510179,xlk,0.00408706085394
ZG,0.00118054013675,xly,0.0050280235892
ZION,0.00172179018074,xlf,0.00350829616076
ZNGA,0.00178405898312,xlk,0.00459523898976
ZTS,0.00192218727107,xlv,0.00185649795664
